"czwartek, 8 grudnia 2022, 12:36"
"czwartek, 8 grudnia 2022, 12:37"
"czwartek, 8 grudnia 2022, 12:38"
"czwartek, 8 grudnia 2022, 12:39"
"czwartek, 8 grudnia 2022, 12:40"
"czwartek, 8 grudnia 2022, 12:41"
"czwartek, 8 grudnia 2022, 12:42"
"czwartek, 8 grudnia 2022, 12:43"
"czwartek, 8 grudnia 2022, 12:44"
"czwartek, 8 grudnia 2022, 12:45"
"czwartek, 8 grudnia 2022, 12:46"
"czwartek, 8 grudnia 2022, 12:47"
"czwartek, 8 grudnia 2022, 12:48"
"czwartek, 8 grudnia 2022, 12:49"
"czwartek, 8 grudnia 2022, 12:50"
"czwartek, 8 grudnia 2022, 12:51"
"czwartek, 8 grudnia 2022, 12:52"
"czwartek, 8 grudnia 2022, 12:53"
"czwartek, 8 grudnia 2022, 12:54"
"czwartek, 8 grudnia 2022, 12:55"
"czwartek, 8 grudnia 2022, 12:56"
"czwartek, 8 grudnia 2022, 12:57"
"czwartek, 8 grudnia 2022, 12:58"
"czwartek, 8 grudnia 2022, 12:59"
"czwartek, 8 grudnia 2022, 13:00"
"czwartek, 8 grudnia 2022, 13:01"
"czwartek, 8 grudnia 2022, 13:02"
"czwartek, 8 grudnia 2022, 13:03"
"czwartek, 8 grudnia 2022, 13:04"
"czwartek, 8 grudnia 2022, 13:05"
"czwartek, 8 grudnia 2022, 13:06"
"czwartek, 8 grudnia 2022, 13:07"
"czwartek, 8 grudnia 2022, 13:08"
"czwartek, 8 grudnia 2022, 13:09"
"czwartek, 8 grudnia 2022, 13:10"
"czwartek, 8 grudnia 2022, 13:11"
"czwartek, 8 grudnia 2022, 13:12"
"czwartek, 8 grudnia 2022, 13:13"
"czwartek, 8 grudnia 2022, 13:14"
"czwartek, 8 grudnia 2022, 13:15"
"czwartek, 8 grudnia 2022, 13:16"
"czwartek, 8 grudnia 2022, 13:17"
"czwartek, 8 grudnia 2022, 13:18"
"czwartek, 8 grudnia 2022, 13:19"
"czwartek, 8 grudnia 2022, 13:20"
"czwartek, 8 grudnia 2022, 13:21"
"czwartek, 8 grudnia 2022, 13:22"
"czwartek, 8 grudnia 2022, 13:23"
"czwartek, 8 grudnia 2022, 13:24"
"czwartek, 8 grudnia 2022, 13:25"
"czwartek, 8 grudnia 2022, 13:26"
"czwartek, 8 grudnia 2022, 13:27"
"czwartek, 8 grudnia 2022, 13:28"
"czwartek, 8 grudnia 2022, 13:29"
"czwartek, 8 grudnia 2022, 13:30"
"czwartek, 8 grudnia 2022, 13:31"
"czwartek, 8 grudnia 2022, 13:32"
"czwartek, 8 grudnia 2022, 13:33"
"czwartek, 8 grudnia 2022, 13:34"
"czwartek, 8 grudnia 2022, 13:35"
"czwartek, 8 grudnia 2022, 13:36"
"czwartek, 8 grudnia 2022, 13:37"
"czwartek, 8 grudnia 2022, 13:38"
"czwartek, 8 grudnia 2022, 13:39"
"czwartek, 8 grudnia 2022, 13:40"
"czwartek, 8 grudnia 2022, 13:41"
"czwartek, 8 grudnia 2022, 13:42"
"czwartek, 8 grudnia 2022, 13:43"
"czwartek, 8 grudnia 2022, 13:44"
"czwartek, 8 grudnia 2022, 13:45"
"czwartek, 8 grudnia 2022, 13:46"
"czwartek, 8 grudnia 2022, 13:47"
"czwartek, 8 grudnia 2022, 13:48"
"czwartek, 8 grudnia 2022, 13:49"
"czwartek, 8 grudnia 2022, 13:50"
"czwartek, 8 grudnia 2022, 13:51"
"czwartek, 8 grudnia 2022, 13:52"
"czwartek, 8 grudnia 2022, 13:53"
"czwartek, 8 grudnia 2022, 13:54"
"czwartek, 8 grudnia 2022, 13:55"
"czwartek, 8 grudnia 2022, 13:56"
"czwartek, 8 grudnia 2022, 13:57"
"czwartek, 8 grudnia 2022, 13:58"
"czwartek, 8 grudnia 2022, 13:59"
"czwartek, 8 grudnia 2022, 14:00"
"czwartek, 8 grudnia 2022, 14:01"
"czwartek, 8 grudnia 2022, 14:02"
"czwartek, 8 grudnia 2022, 14:03"
"czwartek, 8 grudnia 2022, 14:04"